block_number,tick,liquidityGross,liquidityNet,feeGrowthOutside0X128,feeGrowthOutside1X128,tickCumulativeOutside,secondsPerLiquidityOutsideX128,secondsOutside,initialized
16577835,-887220,0,0,0,0,0,0,0,False
16577835,-887160,0,0,0,0,0,0,0,False
16577835,-887100,0,0,0,0,0,0,0,False
16577835,-887040,0,0,0,0,0,0,0,False
16577835,-886980,0,0,0,0,0,0,0,False
16577835,-886920,0,0,0,0,0,0,0,False
16577835,-886860,0,0,0,0,0,0,0,False
16577835,-886800,0,0,0,0,0,0,0,False
16577835,-886740,0,0,0,0,0,0,0,False
16577835,-886680,0,0,0,0,0,0,0,False
16577835,-886620,0,0,0,0,0,0,0,False
16577835,-886560,0,0,0,0,0,0,0,False
16577835,-886500,0,0,0,0,0,0,0,False
16577835,-886440,0,0,0,0,0,0,0,False
16577835,-886380,0,0,0,0,0,0,0,False
16577835,-886320,0,0,0,0,0,0,0,False
16577835,-886260,0,0,0,0,0,0,0,False
16577835,-886200,0,0,0,0,0,0,0,False
16577835,-886140,0,0,0,0,0,0,0,False
16577835,-886080,0,0,0,0,0,0,0,False
16577835,-886020,0,0,0,0,0,0,0,False
16577835,-885960,0,0,0,0,0,0,0,False
16577835,-885900,0,0,0,0,0,0,0,False
16577835,-885840,0,0,0,0,0,0,0,False
16577835,-885780,0,0,0,0,0,0,0,False
16577835,-885720,0,0,0,0,0,0,0,False
16577835,-885660,0,0,0,0,0,0,0,False
16577835,-885600,0,0,0,0,0,0,0,False
16577835,-885540,0,0,0,0,0,0,0,False
16577835,-885480,0,0,0,0,0,0,0,False
16577835,-885420,0,0,0,0,0,0,0,False
16577835,-885360,0,0,0,0,0,0,0,False
16577835,-885300,0,0,0,0,0,0,0,False
16577835,-885240,0,0,0,0,0,0,0,False
16577835,-885180,0,0,0,0,0,0,0,False
16577835,-885120,0,0,0,0,0,0,0,False
16577835,-885060,0,0,0,0,0,0,0,False
16577835,-885000,0,0,0,0,0,0,0,False
16577835,-884940,0,0,0,0,0,0,0,False
16577835,-884880,0,0,0,0,0,0,0,False
16577835,-884820,0,0,0,0,0,0,0,False
16577835,-884760,0,0,0,0,0,0,0,False
16577835,-884700,0,0,0,0,0,0,0,False
16577835,-884640,0,0,0,0,0,0,0,False
16577835,-884580,0,0,0,0,0,0,0,False
16577835,-884520,0,0,0,0,0,0,0,False
16577835,-884460,0,0,0,0,0,0,0,False
16577835,-884400,0,0,0,0,0,0,0,False
16577835,-884340,0,0,0,0,0,0,0,False
16577835,-884280,0,0,0,0,0,0,0,False
16577835,-884220,0,0,0,0,0,0,0,False
16577835,-884160,0,0,0,0,0,0,0,False
16577835,-884100,0,0,0,0,0,0,0,False
16577835,-884040,0,0,0,0,0,0,0,False
16577835,-883980,0,0,0,0,0,0,0,False
16577835,-883920,0,0,0,0,0,0,0,False
16577835,-883860,0,0,0,0,0,0,0,False
16577835,-883800,0,0,0,0,0,0,0,False
16577835,-883740,0,0,0,0,0,0,0,False
16577835,-883680,0,0,0,0,0,0,0,False
16577835,-883620,0,0,0,0,0,0,0,False
16577835,-883560,0,0,0,0,0,0,0,False
16577835,-883500,0,0,0,0,0,0,0,False
16577835,-883440,0,0,0,0,0,0,0,False
16577835,-883380,0,0,0,0,0,0,0,False
16577835,-883320,0,0,0,0,0,0,0,False
16577835,-883260,0,0,0,0,0,0,0,False
16577835,-883200,0,0,0,0,0,0,0,False
16577835,-883140,0,0,0,0,0,0,0,False
16577835,-883080,0,0,0,0,0,0,0,False
16577835,-883020,0,0,0,0,0,0,0,False
16577835,-882960,0,0,0,0,0,0,0,False
16577835,-882900,0,0,0,0,0,0,0,False
16577835,-882840,0,0,0,0,0,0,0,False
16577835,-882780,0,0,0,0,0,0,0,False
16577835,-882720,0,0,0,0,0,0,0,False
16577835,-882660,0,0,0,0,0,0,0,False
16577835,-882600,0,0,0,0,0,0,0,False
16577835,-882540,0,0,0,0,0,0,0,False
16577835,-882480,0,0,0,0,0,0,0,False
16577835,-882420,0,0,0,0,0,0,0,False
16577835,-882360,0,0,0,0,0,0,0,False
16577835,-882300,0,0,0,0,0,0,0,False
16577835,-882240,0,0,0,0,0,0,0,False
16577835,-882180,0,0,0,0,0,0,0,False
16577835,-882120,0,0,0,0,0,0,0,False
16577835,-882060,0,0,0,0,0,0,0,False
16577835,-882000,0,0,0,0,0,0,0,False
16577835,-881940,0,0,0,0,0,0,0,False
16577835,-881880,0,0,0,0,0,0,0,False
16577835,-881820,0,0,0,0,0,0,0,False
16577835,-881760,0,0,0,0,0,0,0,False
16577835,-881700,0,0,0,0,0,0,0,False
16577835,-881640,0,0,0,0,0,0,0,False
16577835,-881580,0,0,0,0,0,0,0,False
16577835,-881520,0,0,0,0,0,0,0,False
16577835,-881460,0,0,0,0,0,0,0,False
16577835,-881400,0,0,0,0,0,0,0,False
16577835,-881340,0,0,0,0,0,0,0,False
16577835,-881280,0,0,0,0,0,0,0,False
16577835,-881220,0,0,0,0,0,0,0,False
16577835,-881160,0,0,0,0,0,0,0,False
16577835,-881100,0,0,0,0,0,0,0,False
16577835,-881040,0,0,0,0,0,0,0,False
16577835,-880980,0,0,0,0,0,0,0,False
16577835,-880920,0,0,0,0,0,0,0,False
16577835,-880860,0,0,0,0,0,0,0,False
16577835,-880800,0,0,0,0,0,0,0,False
16577835,-880740,0,0,0,0,0,0,0,False
16577835,-880680,0,0,0,0,0,0,0,False
16577835,-880620,0,0,0,0,0,0,0,False
16577835,-880560,0,0,0,0,0,0,0,False
16577835,-880500,0,0,0,0,0,0,0,False
16577835,-880440,0,0,0,0,0,0,0,False
16577835,-880380,0,0,0,0,0,0,0,False
16577835,-880320,0,0,0,0,0,0,0,False
16577835,-880260,0,0,0,0,0,0,0,False
16577835,-880200,0,0,0,0,0,0,0,False
16577835,-880140,0,0,0,0,0,0,0,False
16577835,-880080,0,0,0,0,0,0,0,False
16577835,-880020,0,0,0,0,0,0,0,False
16577835,-879960,0,0,0,0,0,0,0,False
16577835,-879900,0,0,0,0,0,0,0,False
16577835,-879840,0,0,0,0,0,0,0,False
16577835,-879780,0,0,0,0,0,0,0,False
16577835,-879720,0,0,0,0,0,0,0,False
16577835,-879660,0,0,0,0,0,0,0,False
16577835,-879600,0,0,0,0,0,0,0,False
16577835,-879540,0,0,0,0,0,0,0,False
16577835,-879480,0,0,0,0,0,0,0,False
16577835,-879420,0,0,0,0,0,0,0,False
16577835,-879360,0,0,0,0,0,0,0,False
16577835,-879300,0,0,0,0,0,0,0,False
16577835,-879240,0,0,0,0,0,0,0,False
16577835,-879180,0,0,0,0,0,0,0,False
16577835,-879120,0,0,0,0,0,0,0,False
16577835,-879060,0,0,0,0,0,0,0,False
16577835,-879000,0,0,0,0,0,0,0,False
16577835,-878940,0,0,0,0,0,0,0,False
16577835,-878880,0,0,0,0,0,0,0,False
16577835,-878820,0,0,0,0,0,0,0,False
16577835,-878760,0,0,0,0,0,0,0,False
16577835,-878700,0,0,0,0,0,0,0,False
16577835,-878640,0,0,0,0,0,0,0,False
16577835,-878580,0,0,0,0,0,0,0,False
16577835,-878520,0,0,0,0,0,0,0,False
16577835,-878460,0,0,0,0,0,0,0,False
16577835,-878400,0,0,0,0,0,0,0,False
16577835,-878340,0,0,0,0,0,0,0,False
16577835,-878280,0,0,0,0,0,0,0,False
16577835,-878220,0,0,0,0,0,0,0,False
16577835,-878160,0,0,0,0,0,0,0,False
16577835,-878100,0,0,0,0,0,0,0,False
16577835,-878040,0,0,0,0,0,0,0,False
16577835,-877980,0,0,0,0,0,0,0,False
16577835,-877920,0,0,0,0,0,0,0,False
16577835,-877860,0,0,0,0,0,0,0,False
16577835,-877800,0,0,0,0,0,0,0,False
16577835,-877740,0,0,0,0,0,0,0,False
16577835,-877680,0,0,0,0,0,0,0,False
16577835,-877620,0,0,0,0,0,0,0,False
16577835,-877560,0,0,0,0,0,0,0,False
16577835,-877500,0,0,0,0,0,0,0,False
16577835,-877440,0,0,0,0,0,0,0,False
16577835,-877380,0,0,0,0,0,0,0,False
16577835,-877320,0,0,0,0,0,0,0,False
16577835,-877260,0,0,0,0,0,0,0,False
16577835,-877200,0,0,0,0,0,0,0,False
16577835,-877140,0,0,0,0,0,0,0,False
16577835,-877080,0,0,0,0,0,0,0,False
16577835,-877020,0,0,0,0,0,0,0,False
16577835,-876960,0,0,0,0,0,0,0,False
16577835,-876900,0,0,0,0,0,0,0,False
16577835,-876840,0,0,0,0,0,0,0,False
16577835,-876780,0,0,0,0,0,0,0,False
16577835,-876720,0,0,0,0,0,0,0,False
16577835,-876660,0,0,0,0,0,0,0,False
16577835,-876600,0,0,0,0,0,0,0,False
16577835,-876540,0,0,0,0,0,0,0,False
16577835,-876480,0,0,0,0,0,0,0,False
16577835,-876420,0,0,0,0,0,0,0,False
16577835,-876360,0,0,0,0,0,0,0,False
16577835,-876300,0,0,0,0,0,0,0,False
16577835,-876240,0,0,0,0,0,0,0,False
16577835,-876180,0,0,0,0,0,0,0,False
16577835,-876120,0,0,0,0,0,0,0,False
16577835,-876060,0,0,0,0,0,0,0,False
16577835,-876000,0,0,0,0,0,0,0,False
16577835,-875940,0,0,0,0,0,0,0,False
16577835,-875880,0,0,0,0,0,0,0,False
16577835,-875820,0,0,0,0,0,0,0,False
16577835,-875760,0,0,0,0,0,0,0,False
16577835,-875700,0,0,0,0,0,0,0,False
16577835,-875640,0,0,0,0,0,0,0,False
16577835,-875580,0,0,0,0,0,0,0,False
16577835,-875520,0,0,0,0,0,0,0,False
16577835,-875460,0,0,0,0,0,0,0,False
16577835,-875400,0,0,0,0,0,0,0,False
16577835,-875340,0,0,0,0,0,0,0,False
16577835,-875280,0,0,0,0,0,0,0,False
16577835,-875220,0,0,0,0,0,0,0,False
16577835,-875160,0,0,0,0,0,0,0,False
16577835,-875100,0,0,0,0,0,0,0,False
16577835,-875040,0,0,0,0,0,0,0,False
16577835,-874980,0,0,0,0,0,0,0,False
16577835,-874920,0,0,0,0,0,0,0,False
16577835,-874860,0,0,0,0,0,0,0,False
16577835,-874800,0,0,0,0,0,0,0,False
16577835,-874740,0,0,0,0,0,0,0,False
16577835,-874680,0,0,0,0,0,0,0,False
16577835,-874620,0,0,0,0,0,0,0,False
16577835,-874560,0,0,0,0,0,0,0,False
16577835,-874500,0,0,0,0,0,0,0,False
16577835,-874440,0,0,0,0,0,0,0,False
16577835,-874380,0,0,0,0,0,0,0,False
16577835,-874320,0,0,0,0,0,0,0,False
16577835,-874260,0,0,0,0,0,0,0,False
16577835,-874200,0,0,0,0,0,0,0,False
16577835,-874140,0,0,0,0,0,0,0,False
16577835,-874080,0,0,0,0,0,0,0,False
16577835,-874020,0,0,0,0,0,0,0,False
16577835,-873960,0,0,0,0,0,0,0,False
16577835,-873900,0,0,0,0,0,0,0,False
16577835,-873840,0,0,0,0,0,0,0,False
16577835,-873780,0,0,0,0,0,0,0,False
16577835,-873720,0,0,0,0,0,0,0,False
16577835,-873660,0,0,0,0,0,0,0,False
16577835,-873600,0,0,0,0,0,0,0,False
16577835,-873540,0,0,0,0,0,0,0,False
16577835,-873480,0,0,0,0,0,0,0,False
16577835,-873420,0,0,0,0,0,0,0,False
16577835,-873360,0,0,0,0,0,0,0,False
16577835,-873300,0,0,0,0,0,0,0,False
16577835,-873240,0,0,0,0,0,0,0,False
16577835,-873180,0,0,0,0,0,0,0,False
16577835,-873120,0,0,0,0,0,0,0,False
16577835,-873060,0,0,0,0,0,0,0,False
16577835,-873000,0,0,0,0,0,0,0,False
16577835,-872940,0,0,0,0,0,0,0,False
16577835,-872880,0,0,0,0,0,0,0,False
16577835,-872820,0,0,0,0,0,0,0,False
16577835,-872760,0,0,0,0,0,0,0,False
16577835,-872700,0,0,0,0,0,0,0,False
16577835,-872640,0,0,0,0,0,0,0,False
16577835,-872580,0,0,0,0,0,0,0,False
16577835,-872520,0,0,0,0,0,0,0,False
16577835,-872460,0,0,0,0,0,0,0,False
16577835,-872400,0,0,0,0,0,0,0,False
16577835,-872340,0,0,0,0,0,0,0,False
16577835,-872280,0,0,0,0,0,0,0,False
16577835,-872220,0,0,0,0,0,0,0,False
16577835,-872160,0,0,0,0,0,0,0,False
16577835,-872100,0,0,0,0,0,0,0,False
16577835,-872040,0,0,0,0,0,0,0,False
16577835,-871980,0,0,0,0,0,0,0,False
16577835,-871920,0,0,0,0,0,0,0,False
16577835,-871860,0,0,0,0,0,0,0,False
16577835,-871800,0,0,0,0,0,0,0,False
16577835,-871740,0,0,0,0,0,0,0,False
16577835,-871680,0,0,0,0,0,0,0,False
16577835,-871620,0,0,0,0,0,0,0,False
16577835,-871560,0,0,0,0,0,0,0,False
16577835,-871500,0,0,0,0,0,0,0,False
16577835,-871440,0,0,0,0,0,0,0,False
16577835,-871380,0,0,0,0,0,0,0,False
16577835,-871320,0,0,0,0,0,0,0,False
16577835,-871260,0,0,0,0,0,0,0,False
16577835,-871200,0,0,0,0,0,0,0,False
16577835,-871140,0,0,0,0,0,0,0,False
16577835,-871080,0,0,0,0,0,0,0,False
16577835,-871020,0,0,0,0,0,0,0,False
16577835,-870960,0,0,0,0,0,0,0,False
16577835,-870900,0,0,0,0,0,0,0,False
16577835,-870840,0,0,0,0,0,0,0,False
16577835,-870780,0,0,0,0,0,0,0,False
16577835,-870720,0,0,0,0,0,0,0,False
16577835,-870660,0,0,0,0,0,0,0,False
16577835,-870600,0,0,0,0,0,0,0,False
16577835,-870540,0,0,0,0,0,0,0,False
16577835,-870480,0,0,0,0,0,0,0,False
16577835,-870420,0,0,0,0,0,0,0,False
16577835,-870360,0,0,0,0,0,0,0,False
16577835,-870300,0,0,0,0,0,0,0,False
16577835,-870240,0,0,0,0,0,0,0,False
16577835,-870180,0,0,0,0,0,0,0,False
16577835,-870120,0,0,0,0,0,0,0,False
16577835,-870060,0,0,0,0,0,0,0,False
16577835,-870000,0,0,0,0,0,0,0,False
16577835,-869940,0,0,0,0,0,0,0,False
16577835,-869880,0,0,0,0,0,0,0,False
16577835,-869820,0,0,0,0,0,0,0,False
16577835,-869760,0,0,0,0,0,0,0,False
16577835,-869700,0,0,0,0,0,0,0,False
16577835,-869640,0,0,0,0,0,0,0,False
16577835,-869580,0,0,0,0,0,0,0,False
16577835,-869520,0,0,0,0,0,0,0,False
16577835,-869460,0,0,0,0,0,0,0,False
16577835,-869400,0,0,0,0,0,0,0,False
16577835,-869340,0,0,0,0,0,0,0,False
16577835,-869280,0,0,0,0,0,0,0,False
16577835,-869220,0,0,0,0,0,0,0,False
16577835,-869160,0,0,0,0,0,0,0,False
16577835,-869100,0,0,0,0,0,0,0,False
16577835,-869040,0,0,0,0,0,0,0,False
16577835,-868980,0,0,0,0,0,0,0,False
16577835,-868920,0,0,0,0,0,0,0,False
16577835,-868860,0,0,0,0,0,0,0,False
16577835,-868800,0,0,0,0,0,0,0,False
16577835,-868740,0,0,0,0,0,0,0,False
16577835,-868680,0,0,0,0,0,0,0,False
16577835,-868620,0,0,0,0,0,0,0,False
16577835,-868560,0,0,0,0,0,0,0,False
16577835,-868500,0,0,0,0,0,0,0,False
16577835,-868440,0,0,0,0,0,0,0,False
16577835,-868380,0,0,0,0,0,0,0,False
16577835,-868320,0,0,0,0,0,0,0,False
16577835,-868260,0,0,0,0,0,0,0,False
16577835,-868200,0,0,0,0,0,0,0,False
16577835,-868140,0,0,0,0,0,0,0,False
16577835,-868080,0,0,0,0,0,0,0,False
16577835,-868020,0,0,0,0,0,0,0,False
16577835,-867960,0,0,0,0,0,0,0,False
16577835,-867900,0,0,0,0,0,0,0,False
16577835,-867840,0,0,0,0,0,0,0,False
16577835,-867780,0,0,0,0,0,0,0,False
16577835,-867720,0,0,0,0,0,0,0,False
16577835,-867660,0,0,0,0,0,0,0,False
16577835,-867600,0,0,0,0,0,0,0,False
16577835,-867540,0,0,0,0,0,0,0,False
16577835,-867480,0,0,0,0,0,0,0,False
16577835,-867420,0,0,0,0,0,0,0,False
16577835,-867360,0,0,0,0,0,0,0,False
16577835,-867300,0,0,0,0,0,0,0,False
16577835,-867240,0,0,0,0,0,0,0,False
16577835,-867180,0,0,0,0,0,0,0,False
16577835,-867120,0,0,0,0,0,0,0,False
16577835,-867060,0,0,0,0,0,0,0,False
16577835,-867000,0,0,0,0,0,0,0,False
16577835,-866940,0,0,0,0,0,0,0,False
16577835,-866880,0,0,0,0,0,0,0,False
16577835,-866820,0,0,0,0,0,0,0,False
16577835,-866760,0,0,0,0,0,0,0,False
16577835,-866700,0,0,0,0,0,0,0,False
16577835,-866640,0,0,0,0,0,0,0,False
16577835,-866580,0,0,0,0,0,0,0,False
16577835,-866520,0,0,0,0,0,0,0,False
16577835,-866460,0,0,0,0,0,0,0,False
16577835,-866400,0,0,0,0,0,0,0,False
16577835,-866340,0,0,0,0,0,0,0,False
16577835,-866280,0,0,0,0,0,0,0,False
16577835,-866220,0,0,0,0,0,0,0,False
16577835,-866160,0,0,0,0,0,0,0,False
16577835,-866100,0,0,0,0,0,0,0,False
16577835,-866040,0,0,0,0,0,0,0,False
16577835,-865980,0,0,0,0,0,0,0,False
16577835,-865920,0,0,0,0,0,0,0,False
16577835,-865860,0,0,0,0,0,0,0,False
16577835,-865800,0,0,0,0,0,0,0,False
16577835,-865740,0,0,0,0,0,0,0,False
16577835,-865680,0,0,0,0,0,0,0,False
16577835,-865620,0,0,0,0,0,0,0,False
16577835,-865560,0,0,0,0,0,0,0,False
16577835,-865500,0,0,0,0,0,0,0,False
16577835,-865440,0,0,0,0,0,0,0,False
16577835,-865380,0,0,0,0,0,0,0,False
16577835,-865320,0,0,0,0,0,0,0,False
16577835,-865260,0,0,0,0,0,0,0,False
16577835,-865200,0,0,0,0,0,0,0,False
16577835,-865140,0,0,0,0,0,0,0,False
16577835,-865080,0,0,0,0,0,0,0,False
16577835,-865020,0,0,0,0,0,0,0,False
16577835,-864960,0,0,0,0,0,0,0,False
16577835,-864900,0,0,0,0,0,0,0,False
16577835,-864840,0,0,0,0,0,0,0,False
16577835,-864780,0,0,0,0,0,0,0,False
16577835,-864720,0,0,0,0,0,0,0,False
16577835,-864660,0,0,0,0,0,0,0,False
16577835,-864600,0,0,0,0,0,0,0,False
16577835,-864540,0,0,0,0,0,0,0,False
16577835,-864480,0,0,0,0,0,0,0,False
16577835,-864420,0,0,0,0,0,0,0,False
16577835,-864360,0,0,0,0,0,0,0,False
16577835,-864300,0,0,0,0,0,0,0,False
16577835,-864240,0,0,0,0,0,0,0,False
16577835,-864180,0,0,0,0,0,0,0,False
16577835,-864120,0,0,0,0,0,0,0,False
16577835,-864060,0,0,0,0,0,0,0,False
16577835,-864000,0,0,0,0,0,0,0,False
16577835,-863940,0,0,0,0,0,0,0,False
16577835,-863880,0,0,0,0,0,0,0,False
16577835,-863820,0,0,0,0,0,0,0,False
16577835,-863760,0,0,0,0,0,0,0,False
16577835,-863700,0,0,0,0,0,0,0,False
16577835,-863640,0,0,0,0,0,0,0,False
16577835,-863580,0,0,0,0,0,0,0,False
16577835,-863520,0,0,0,0,0,0,0,False
16577835,-863460,0,0,0,0,0,0,0,False
16577835,-863400,0,0,0,0,0,0,0,False
16577835,-863340,0,0,0,0,0,0,0,False
16577835,-863280,0,0,0,0,0,0,0,False
16577835,-863220,0,0,0,0,0,0,0,False
16577835,-863160,0,0,0,0,0,0,0,False
16577835,-863100,0,0,0,0,0,0,0,False
16577835,-863040,0,0,0,0,0,0,0,False
16577835,-862980,0,0,0,0,0,0,0,False
16577835,-862920,0,0,0,0,0,0,0,False
16577835,-862860,0,0,0,0,0,0,0,False
16577835,-862800,0,0,0,0,0,0,0,False
16577835,-862740,0,0,0,0,0,0,0,False
16577835,-862680,0,0,0,0,0,0,0,False
16577835,-862620,0,0,0,0,0,0,0,False
16577835,-862560,0,0,0,0,0,0,0,False
16577835,-862500,0,0,0,0,0,0,0,False
16577835,-862440,0,0,0,0,0,0,0,False
16577835,-862380,0,0,0,0,0,0,0,False
16577835,-862320,0,0,0,0,0,0,0,False
16577835,-862260,0,0,0,0,0,0,0,False
16577835,-862200,0,0,0,0,0,0,0,False
16577835,-862140,0,0,0,0,0,0,0,False
16577835,-862080,0,0,0,0,0,0,0,False
16577835,-862020,0,0,0,0,0,0,0,False
16577835,-861960,0,0,0,0,0,0,0,False
16577835,-861900,0,0,0,0,0,0,0,False
16577835,-861840,0,0,0,0,0,0,0,False
16577835,-861780,0,0,0,0,0,0,0,False
16577835,-861720,0,0,0,0,0,0,0,False
16577835,-861660,0,0,0,0,0,0,0,False
16577835,-861600,0,0,0,0,0,0,0,False
16577835,-861540,0,0,0,0,0,0,0,False
16577835,-861480,0,0,0,0,0,0,0,False
16577835,-861420,0,0,0,0,0,0,0,False
16577835,-861360,0,0,0,0,0,0,0,False
16577835,-861300,0,0,0,0,0,0,0,False
16577835,-861240,0,0,0,0,0,0,0,False
16577835,-861180,0,0,0,0,0,0,0,False
16577835,-861120,0,0,0,0,0,0,0,False
16577835,-861060,0,0,0,0,0,0,0,False
16577835,-861000,0,0,0,0,0,0,0,False
16577835,-860940,0,0,0,0,0,0,0,False
16577835,-860880,0,0,0,0,0,0,0,False
16577835,-860820,0,0,0,0,0,0,0,False
16577835,-860760,0,0,0,0,0,0,0,False
16577835,-860700,0,0,0,0,0,0,0,False
16577835,-860640,0,0,0,0,0,0,0,False
16577835,-860580,0,0,0,0,0,0,0,False
16577835,-860520,0,0,0,0,0,0,0,False
16577835,-860460,0,0,0,0,0,0,0,False
16577835,-860400,0,0,0,0,0,0,0,False
16577835,-860340,0,0,0,0,0,0,0,False
16577835,-860280,0,0,0,0,0,0,0,False
16577835,-860220,0,0,0,0,0,0,0,False
16577835,-860160,0,0,0,0,0,0,0,False
16577835,-860100,0,0,0,0,0,0,0,False
16577835,-860040,0,0,0,0,0,0,0,False
16577835,-859980,0,0,0,0,0,0,0,False
16577835,-859920,0,0,0,0,0,0,0,False
16577835,-859860,0,0,0,0,0,0,0,False
16577835,-859800,0,0,0,0,0,0,0,False
16577835,-859740,0,0,0,0,0,0,0,False
16577835,-859680,0,0,0,0,0,0,0,False
16577835,-859620,0,0,0,0,0,0,0,False
16577835,-859560,0,0,0,0,0,0,0,False
16577835,-859500,0,0,0,0,0,0,0,False
16577835,-859440,0,0,0,0,0,0,0,False
16577835,-859380,0,0,0,0,0,0,0,False
16577835,-859320,0,0,0,0,0,0,0,False
16577835,-859260,0,0,0,0,0,0,0,False
16577835,-859200,0,0,0,0,0,0,0,False
16577835,-859140,0,0,0,0,0,0,0,False
16577835,-859080,0,0,0,0,0,0,0,False
16577835,-859020,0,0,0,0,0,0,0,False
16577835,-858960,0,0,0,0,0,0,0,False
16577835,-858900,0,0,0,0,0,0,0,False
16577835,-858840,0,0,0,0,0,0,0,False
16577835,-858780,0,0,0,0,0,0,0,False
16577835,-858720,0,0,0,0,0,0,0,False
16577835,-858660,0,0,0,0,0,0,0,False
16577835,-858600,0,0,0,0,0,0,0,False
16577835,-858540,0,0,0,0,0,0,0,False
16577835,-858480,0,0,0,0,0,0,0,False
16577835,-858420,0,0,0,0,0,0,0,False
16577835,-858360,0,0,0,0,0,0,0,False
16577835,-858300,0,0,0,0,0,0,0,False
16577835,-858240,0,0,0,0,0,0,0,False
16577835,-858180,0,0,0,0,0,0,0,False
16577835,-858120,0,0,0,0,0,0,0,False
16577835,-858060,0,0,0,0,0,0,0,False
16577835,-858000,0,0,0,0,0,0,0,False
16577835,-857940,0,0,0,0,0,0,0,False
16577835,-857880,0,0,0,0,0,0,0,False
16577835,-857820,0,0,0,0,0,0,0,False
16577835,-857760,0,0,0,0,0,0,0,False
16577835,-857700,0,0,0,0,0,0,0,False
16577835,-857640,0,0,0,0,0,0,0,False
16577835,-857580,0,0,0,0,0,0,0,False
16577835,-857520,0,0,0,0,0,0,0,False
16577835,-857460,0,0,0,0,0,0,0,False
16577835,-857400,0,0,0,0,0,0,0,False
16577835,-857340,0,0,0,0,0,0,0,False
16577835,-857280,0,0,0,0,0,0,0,False
16577835,-857220,0,0,0,0,0,0,0,False
16577835,-857160,0,0,0,0,0,0,0,False
16577835,-857100,0,0,0,0,0,0,0,False
16577835,-857040,0,0,0,0,0,0,0,False
16577835,-856980,0,0,0,0,0,0,0,False
16577835,-856920,0,0,0,0,0,0,0,False
16577835,-856860,0,0,0,0,0,0,0,False
16577835,-856800,0,0,0,0,0,0,0,False
16577835,-856740,0,0,0,0,0,0,0,False
16577835,-856680,0,0,0,0,0,0,0,False
16577835,-856620,0,0,0,0,0,0,0,False
16577835,-856560,0,0,0,0,0,0,0,False
16577835,-856500,0,0,0,0,0,0,0,False
16577835,-856440,0,0,0,0,0,0,0,False
16577835,-856380,0,0,0,0,0,0,0,False
16577835,-856320,0,0,0,0,0,0,0,False
16577835,-856260,0,0,0,0,0,0,0,False
16577835,-856200,0,0,0,0,0,0,0,False
16577835,-856140,0,0,0,0,0,0,0,False
16577835,-856080,0,0,0,0,0,0,0,False
16577835,-856020,0,0,0,0,0,0,0,False
16577835,-855960,0,0,0,0,0,0,0,False
16577835,-855900,0,0,0,0,0,0,0,False
16577835,-855840,0,0,0,0,0,0,0,False
16577835,-855780,0,0,0,0,0,0,0,False
16577835,-855720,0,0,0,0,0,0,0,False
16577835,-855660,0,0,0,0,0,0,0,False
16577835,-855600,0,0,0,0,0,0,0,False
16577835,-855540,0,0,0,0,0,0,0,False
16577835,-855480,0,0,0,0,0,0,0,False
16577835,-855420,0,0,0,0,0,0,0,False
16577835,-855360,0,0,0,0,0,0,0,False
16577835,-855300,0,0,0,0,0,0,0,False
16577835,-855240,0,0,0,0,0,0,0,False
16577835,-855180,0,0,0,0,0,0,0,False
16577835,-855120,0,0,0,0,0,0,0,False
16577835,-855060,0,0,0,0,0,0,0,False
16577835,-855000,0,0,0,0,0,0,0,False
16577835,-854940,0,0,0,0,0,0,0,False
16577835,-854880,0,0,0,0,0,0,0,False
16577835,-854820,0,0,0,0,0,0,0,False
16577835,-854760,0,0,0,0,0,0,0,False
16577835,-854700,0,0,0,0,0,0,0,False
16577835,-854640,0,0,0,0,0,0,0,False
16577835,-854580,0,0,0,0,0,0,0,False
16577835,-854520,0,0,0,0,0,0,0,False
16577835,-854460,0,0,0,0,0,0,0,False
16577835,-854400,0,0,0,0,0,0,0,False
16577835,-854340,0,0,0,0,0,0,0,False
16577835,-854280,0,0,0,0,0,0,0,False
16577835,-854220,0,0,0,0,0,0,0,False
16577835,-854160,0,0,0,0,0,0,0,False
16577835,-854100,0,0,0,0,0,0,0,False
16577835,-854040,0,0,0,0,0,0,0,False
16577835,-853980,0,0,0,0,0,0,0,False
16577835,-853920,0,0,0,0,0,0,0,False
16577835,-853860,0,0,0,0,0,0,0,False
16577835,-853800,0,0,0,0,0,0,0,False
16577835,-853740,0,0,0,0,0,0,0,False
16577835,-853680,0,0,0,0,0,0,0,False
16577835,-853620,0,0,0,0,0,0,0,False
16577835,-853560,0,0,0,0,0,0,0,False
16577835,-853500,0,0,0,0,0,0,0,False
16577835,-853440,0,0,0,0,0,0,0,False
16577835,-853380,0,0,0,0,0,0,0,False
16577835,-853320,0,0,0,0,0,0,0,False
16577835,-853260,0,0,0,0,0,0,0,False
16577835,-853200,0,0,0,0,0,0,0,False
16577835,-853140,0,0,0,0,0,0,0,False
16577835,-853080,0,0,0,0,0,0,0,False
16577835,-853020,0,0,0,0,0,0,0,False
16577835,-852960,0,0,0,0,0,0,0,False
16577835,-852900,0,0,0,0,0,0,0,False
16577835,-852840,0,0,0,0,0,0,0,False
16577835,-852780,0,0,0,0,0,0,0,False
16577835,-852720,0,0,0,0,0,0,0,False
16577835,-852660,0,0,0,0,0,0,0,False
16577835,-852600,0,0,0,0,0,0,0,False
16577835,-852540,0,0,0,0,0,0,0,False
16577835,-852480,0,0,0,0,0,0,0,False
16577835,-852420,0,0,0,0,0,0,0,False
16577835,-852360,0,0,0,0,0,0,0,False
16577835,-852300,0,0,0,0,0,0,0,False
16577835,-852240,0,0,0,0,0,0,0,False
16577835,-852180,0,0,0,0,0,0,0,False
16577835,-852120,0,0,0,0,0,0,0,False
16577835,-852060,0,0,0,0,0,0,0,False
16577835,-852000,0,0,0,0,0,0,0,False
16577835,-851940,0,0,0,0,0,0,0,False
16577835,-851880,0,0,0,0,0,0,0,False
16577835,-851820,0,0,0,0,0,0,0,False
16577835,-851760,0,0,0,0,0,0,0,False
16577835,-851700,0,0,0,0,0,0,0,False
16577835,-851640,0,0,0,0,0,0,0,False
16577835,-851580,0,0,0,0,0,0,0,False
16577835,-851520,0,0,0,0,0,0,0,False
16577835,-851460,0,0,0,0,0,0,0,False
16577835,-851400,0,0,0,0,0,0,0,False
16577835,-851340,0,0,0,0,0,0,0,False
16577835,-851280,0,0,0,0,0,0,0,False
16577835,-851220,0,0,0,0,0,0,0,False
16577835,-851160,0,0,0,0,0,0,0,False
16577835,-851100,0,0,0,0,0,0,0,False
16577835,-851040,0,0,0,0,0,0,0,False
16577835,-850980,0,0,0,0,0,0,0,False
16577835,-850920,0,0,0,0,0,0,0,False
16577835,-850860,0,0,0,0,0,0,0,False
16577835,-850800,0,0,0,0,0,0,0,False
16577835,-850740,0,0,0,0,0,0,0,False
16577835,-850680,0,0,0,0,0,0,0,False
16577835,-850620,0,0,0,0,0,0,0,False
16577835,-850560,0,0,0,0,0,0,0,False
16577835,-850500,0,0,0,0,0,0,0,False
16577835,-850440,0,0,0,0,0,0,0,False
16577835,-850380,0,0,0,0,0,0,0,False
16577835,-850320,0,0,0,0,0,0,0,False
16577835,-850260,0,0,0,0,0,0,0,False
16577835,-850200,0,0,0,0,0,0,0,False
16577835,-850140,0,0,0,0,0,0,0,False
16577835,-850080,0,0,0,0,0,0,0,False
16577835,-850020,0,0,0,0,0,0,0,False
16577835,-849960,0,0,0,0,0,0,0,False
16577835,-849900,0,0,0,0,0,0,0,False
16577835,-849840,0,0,0,0,0,0,0,False
16577835,-849780,0,0,0,0,0,0,0,False
16577835,-849720,0,0,0,0,0,0,0,False
16577835,-849660,0,0,0,0,0,0,0,False
16577835,-849600,0,0,0,0,0,0,0,False
16577835,-849540,0,0,0,0,0,0,0,False
16577835,-849480,0,0,0,0,0,0,0,False
16577835,-849420,0,0,0,0,0,0,0,False
16577835,-849360,0,0,0,0,0,0,0,False
16577835,-849300,0,0,0,0,0,0,0,False
16577835,-849240,0,0,0,0,0,0,0,False
16577835,-849180,0,0,0,0,0,0,0,False
16577835,-849120,0,0,0,0,0,0,0,False
16577835,-849060,0,0,0,0,0,0,0,False
16577835,-849000,0,0,0,0,0,0,0,False
16577835,-848940,0,0,0,0,0,0,0,False
16577835,-848880,0,0,0,0,0,0,0,False
16577835,-848820,0,0,0,0,0,0,0,False
16577835,-848760,0,0,0,0,0,0,0,False
16577835,-848700,0,0,0,0,0,0,0,False
16577835,-848640,0,0,0,0,0,0,0,False
16577835,-848580,0,0,0,0,0,0,0,False
16577835,-848520,0,0,0,0,0,0,0,False
16577835,-848460,0,0,0,0,0,0,0,False
16577835,-848400,0,0,0,0,0,0,0,False
16577835,-848340,0,0,0,0,0,0,0,False
16577835,-848280,0,0,0,0,0,0,0,False
16577835,-848220,0,0,0,0,0,0,0,False
16577835,-848160,0,0,0,0,0,0,0,False
16577835,-848100,0,0,0,0,0,0,0,False
16577835,-848040,0,0,0,0,0,0,0,False
16577835,-847980,0,0,0,0,0,0,0,False
16577835,-847920,0,0,0,0,0,0,0,False
16577835,-847860,0,0,0,0,0,0,0,False
16577835,-847800,0,0,0,0,0,0,0,False
16577835,-847740,0,0,0,0,0,0,0,False
16577835,-847680,0,0,0,0,0,0,0,False
16577835,-847620,0,0,0,0,0,0,0,False
16577835,-847560,0,0,0,0,0,0,0,False
16577835,-847500,0,0,0,0,0,0,0,False
16577835,-847440,0,0,0,0,0,0,0,False
16577835,-847380,0,0,0,0,0,0,0,False
16577835,-847320,0,0,0,0,0,0,0,False
16577835,-847260,0,0,0,0,0,0,0,False
16577835,-847200,0,0,0,0,0,0,0,False
16577835,-847140,0,0,0,0,0,0,0,False
16577835,-847080,0,0,0,0,0,0,0,False
16577835,-847020,0,0,0,0,0,0,0,False
16577835,-846960,0,0,0,0,0,0,0,False
16577835,-846900,0,0,0,0,0,0,0,False
16577835,-846840,0,0,0,0,0,0,0,False
16577835,-846780,0,0,0,0,0,0,0,False
16577835,-846720,0,0,0,0,0,0,0,False
16577835,-846660,0,0,0,0,0,0,0,False
16577835,-846600,0,0,0,0,0,0,0,False
16577835,-846540,0,0,0,0,0,0,0,False
16577835,-846480,0,0,0,0,0,0,0,False
16577835,-846420,0,0,0,0,0,0,0,False
16577835,-846360,0,0,0,0,0,0,0,False
16577835,-846300,0,0,0,0,0,0,0,False
16577835,-846240,0,0,0,0,0,0,0,False
16577835,-846180,0,0,0,0,0,0,0,False
16577835,-846120,0,0,0,0,0,0,0,False
16577835,-846060,0,0,0,0,0,0,0,False
16577835,-846000,0,0,0,0,0,0,0,False
16577835,-845940,0,0,0,0,0,0,0,False
16577835,-845880,0,0,0,0,0,0,0,False
16577835,-845820,0,0,0,0,0,0,0,False
16577835,-845760,0,0,0,0,0,0,0,False
16577835,-845700,0,0,0,0,0,0,0,False
16577835,-845640,0,0,0,0,0,0,0,False
16577835,-845580,0,0,0,0,0,0,0,False
16577835,-845520,0,0,0,0,0,0,0,False
16577835,-845460,0,0,0,0,0,0,0,False
16577835,-845400,0,0,0,0,0,0,0,False
16577835,-845340,0,0,0,0,0,0,0,False
16577835,-845280,0,0,0,0,0,0,0,False
16577835,-845220,0,0,0,0,0,0,0,False
16577835,-845160,0,0,0,0,0,0,0,False
16577835,-845100,0,0,0,0,0,0,0,False
16577835,-845040,0,0,0,0,0,0,0,False
16577835,-844980,0,0,0,0,0,0,0,False
16577835,-844920,0,0,0,0,0,0,0,False
16577835,-844860,0,0,0,0,0,0,0,False
16577835,-844800,0,0,0,0,0,0,0,False
16577835,-844740,0,0,0,0,0,0,0,False
16577835,-844680,0,0,0,0,0,0,0,False
16577835,-844620,0,0,0,0,0,0,0,False
16577835,-844560,0,0,0,0,0,0,0,False
16577835,-844500,0,0,0,0,0,0,0,False
16577835,-844440,0,0,0,0,0,0,0,False
16577835,-844380,0,0,0,0,0,0,0,False
16577835,-844320,0,0,0,0,0,0,0,False
16577835,-844260,0,0,0,0,0,0,0,False
16577835,-844200,0,0,0,0,0,0,0,False
16577835,-844140,0,0,0,0,0,0,0,False
16577835,-844080,0,0,0,0,0,0,0,False
16577835,-844020,0,0,0,0,0,0,0,False
16577835,-843960,0,0,0,0,0,0,0,False
16577835,-843900,0,0,0,0,0,0,0,False
16577835,-843840,0,0,0,0,0,0,0,False
16577835,-843780,0,0,0,0,0,0,0,False
16577835,-843720,0,0,0,0,0,0,0,False
16577835,-843660,0,0,0,0,0,0,0,False
16577835,-843600,0,0,0,0,0,0,0,False
16577835,-843540,0,0,0,0,0,0,0,False
16577835,-843480,0,0,0,0,0,0,0,False
16577835,-843420,0,0,0,0,0,0,0,False
16577835,-843360,0,0,0,0,0,0,0,False
16577835,-843300,0,0,0,0,0,0,0,False
16577835,-843240,0,0,0,0,0,0,0,False
16577835,-843180,0,0,0,0,0,0,0,False
16577835,-843120,0,0,0,0,0,0,0,False
16577835,-843060,0,0,0,0,0,0,0,False
16577835,-843000,0,0,0,0,0,0,0,False
16577835,-842940,0,0,0,0,0,0,0,False
16577835,-842880,0,0,0,0,0,0,0,False
16577835,-842820,0,0,0,0,0,0,0,False
16577835,-842760,0,0,0,0,0,0,0,False
16577835,-842700,0,0,0,0,0,0,0,False
16577835,-842640,0,0,0,0,0,0,0,False
16577835,-842580,0,0,0,0,0,0,0,False
16577835,-842520,0,0,0,0,0,0,0,False
16577835,-842460,0,0,0,0,0,0,0,False
16577835,-842400,0,0,0,0,0,0,0,False
16577835,-842340,0,0,0,0,0,0,0,False
16577835,-842280,0,0,0,0,0,0,0,False
16577835,-842220,0,0,0,0,0,0,0,False
16577835,-842160,0,0,0,0,0,0,0,False
16577835,-842100,0,0,0,0,0,0,0,False
16577835,-842040,0,0,0,0,0,0,0,False
16577835,-841980,0,0,0,0,0,0,0,False
16577835,-841920,0,0,0,0,0,0,0,False
16577835,-841860,0,0,0,0,0,0,0,False
16577835,-841800,0,0,0,0,0,0,0,False
16577835,-841740,0,0,0,0,0,0,0,False
16577835,-841680,0,0,0,0,0,0,0,False
16577835,-841620,0,0,0,0,0,0,0,False
16577835,-841560,0,0,0,0,0,0,0,False
16577835,-841500,0,0,0,0,0,0,0,False
16577835,-841440,0,0,0,0,0,0,0,False
16577835,-841380,0,0,0,0,0,0,0,False
16577835,-841320,0,0,0,0,0,0,0,False
16577835,-841260,0,0,0,0,0,0,0,False
16577835,-841200,0,0,0,0,0,0,0,False
16577835,-841140,0,0,0,0,0,0,0,False
16577835,-841080,0,0,0,0,0,0,0,False
16577835,-841020,0,0,0,0,0,0,0,False
16577835,-840960,0,0,0,0,0,0,0,False
16577835,-840900,0,0,0,0,0,0,0,False
16577835,-840840,0,0,0,0,0,0,0,False
16577835,-840780,0,0,0,0,0,0,0,False
16577835,-840720,0,0,0,0,0,0,0,False
16577835,-840660,0,0,0,0,0,0,0,False
16577835,-840600,0,0,0,0,0,0,0,False
16577835,-840540,0,0,0,0,0,0,0,False
16577835,-840480,0,0,0,0,0,0,0,False
16577835,-840420,0,0,0,0,0,0,0,False
16577835,-840360,0,0,0,0,0,0,0,False
16577835,-840300,0,0,0,0,0,0,0,False
16577835,-840240,0,0,0,0,0,0,0,False
16577835,-840180,0,0,0,0,0,0,0,False
16577835,-840120,0,0,0,0,0,0,0,False
16577835,-840060,0,0,0,0,0,0,0,False
16577835,-840000,0,0,0,0,0,0,0,False
16577835,-839940,0,0,0,0,0,0,0,False
16577835,-839880,0,0,0,0,0,0,0,False
16577835,-839820,0,0,0,0,0,0,0,False
16577835,-839760,0,0,0,0,0,0,0,False
16577835,-839700,0,0,0,0,0,0,0,False
16577835,-839640,0,0,0,0,0,0,0,False
16577835,-839580,0,0,0,0,0,0,0,False
16577835,-839520,0,0,0,0,0,0,0,False
16577835,-839460,0,0,0,0,0,0,0,False
16577835,-839400,0,0,0,0,0,0,0,False
16577835,-839340,0,0,0,0,0,0,0,False
16577835,-839280,0,0,0,0,0,0,0,False
16577835,-839220,0,0,0,0,0,0,0,False
16577835,-839160,0,0,0,0,0,0,0,False
16577835,-839100,0,0,0,0,0,0,0,False
16577835,-839040,0,0,0,0,0,0,0,False
16577835,-838980,0,0,0,0,0,0,0,False
16577835,-838920,0,0,0,0,0,0,0,False
16577835,-838860,0,0,0,0,0,0,0,False
16577835,-838800,0,0,0,0,0,0,0,False
16577835,-838740,0,0,0,0,0,0,0,False
16577835,-838680,0,0,0,0,0,0,0,False
16577835,-838620,0,0,0,0,0,0,0,False
16577835,-838560,0,0,0,0,0,0,0,False
16577835,-838500,0,0,0,0,0,0,0,False
16577835,-838440,0,0,0,0,0,0,0,False
16577835,-838380,0,0,0,0,0,0,0,False
16577835,-838320,0,0,0,0,0,0,0,False
16577835,-838260,0,0,0,0,0,0,0,False
16577835,-838200,0,0,0,0,0,0,0,False
16577835,-838140,0,0,0,0,0,0,0,False
16577835,-838080,0,0,0,0,0,0,0,False
16577835,-838020,0,0,0,0,0,0,0,False
16577835,-837960,0,0,0,0,0,0,0,False
16577835,-837900,0,0,0,0,0,0,0,False
16577835,-837840,0,0,0,0,0,0,0,False
16577835,-837780,0,0,0,0,0,0,0,False
16577835,-837720,0,0,0,0,0,0,0,False
16577835,-837660,0,0,0,0,0,0,0,False
16577835,-837600,0,0,0,0,0,0,0,False
16577835,-837540,0,0,0,0,0,0,0,False
16577835,-837480,0,0,0,0,0,0,0,False
16577835,-837420,0,0,0,0,0,0,0,False
16577835,-837360,0,0,0,0,0,0,0,False
16577835,-837300,0,0,0,0,0,0,0,False
16577835,-837240,0,0,0,0,0,0,0,False
16577835,-837180,0,0,0,0,0,0,0,False
16577835,-837120,0,0,0,0,0,0,0,False
16577835,-837060,0,0,0,0,0,0,0,False
16577835,-837000,0,0,0,0,0,0,0,False
16577835,-836940,0,0,0,0,0,0,0,False
16577835,-836880,0,0,0,0,0,0,0,False
16577835,-836820,0,0,0,0,0,0,0,False
16577835,-836760,0,0,0,0,0,0,0,False
16577835,-836700,0,0,0,0,0,0,0,False
16577835,-836640,0,0,0,0,0,0,0,False
16577835,-836580,0,0,0,0,0,0,0,False
16577835,-836520,0,0,0,0,0,0,0,False
16577835,-836460,0,0,0,0,0,0,0,False
16577835,-836400,0,0,0,0,0,0,0,False
16577835,-836340,0,0,0,0,0,0,0,False
16577835,-836280,0,0,0,0,0,0,0,False
16577835,-836220,0,0,0,0,0,0,0,False
16577835,-836160,0,0,0,0,0,0,0,False
16577835,-836100,0,0,0,0,0,0,0,False
16577835,-836040,0,0,0,0,0,0,0,False
16577835,-835980,0,0,0,0,0,0,0,False
16577835,-835920,0,0,0,0,0,0,0,False
16577835,-835860,0,0,0,0,0,0,0,False
16577835,-835800,0,0,0,0,0,0,0,False
16577835,-835740,0,0,0,0,0,0,0,False
16577835,-835680,0,0,0,0,0,0,0,False
16577835,-835620,0,0,0,0,0,0,0,False
16577835,-835560,0,0,0,0,0,0,0,False
16577835,-835500,0,0,0,0,0,0,0,False
16577835,-835440,0,0,0,0,0,0,0,False
16577835,-835380,0,0,0,0,0,0,0,False
16577835,-835320,0,0,0,0,0,0,0,False
16577835,-835260,0,0,0,0,0,0,0,False
16577835,-835200,0,0,0,0,0,0,0,False
16577835,-835140,0,0,0,0,0,0,0,False
16577835,-835080,0,0,0,0,0,0,0,False
16577835,-835020,0,0,0,0,0,0,0,False
16577835,-834960,0,0,0,0,0,0,0,False
16577835,-834900,0,0,0,0,0,0,0,False
16577835,-834840,0,0,0,0,0,0,0,False
16577835,-834780,0,0,0,0,0,0,0,False
16577835,-834720,0,0,0,0,0,0,0,False
16577835,-834660,0,0,0,0,0,0,0,False
16577835,-834600,0,0,0,0,0,0,0,False
16577835,-834540,0,0,0,0,0,0,0,False
16577835,-834480,0,0,0,0,0,0,0,False
16577835,-834420,0,0,0,0,0,0,0,False
16577835,-834360,0,0,0,0,0,0,0,False
16577835,-834300,0,0,0,0,0,0,0,False
16577835,-834240,0,0,0,0,0,0,0,False
16577835,-834180,0,0,0,0,0,0,0,False
16577835,-834120,0,0,0,0,0,0,0,False
16577835,-834060,0,0,0,0,0,0,0,False
16577835,-834000,0,0,0,0,0,0,0,False
16577835,-833940,0,0,0,0,0,0,0,False
16577835,-833880,0,0,0,0,0,0,0,False
16577835,-833820,0,0,0,0,0,0,0,False
16577835,-833760,0,0,0,0,0,0,0,False
16577835,-833700,0,0,0,0,0,0,0,False
16577835,-833640,0,0,0,0,0,0,0,False
16577835,-833580,0,0,0,0,0,0,0,False
16577835,-833520,0,0,0,0,0,0,0,False
16577835,-833460,0,0,0,0,0,0,0,False
16577835,-833400,0,0,0,0,0,0,0,False
16577835,-833340,0,0,0,0,0,0,0,False
16577835,-833280,0,0,0,0,0,0,0,False
16577835,-833220,0,0,0,0,0,0,0,False
16577835,-833160,0,0,0,0,0,0,0,False
16577835,-833100,0,0,0,0,0,0,0,False
16577835,-833040,0,0,0,0,0,0,0,False
16577835,-832980,0,0,0,0,0,0,0,False
16577835,-832920,0,0,0,0,0,0,0,False
16577835,-832860,0,0,0,0,0,0,0,False
16577835,-832800,0,0,0,0,0,0,0,False
16577835,-832740,0,0,0,0,0,0,0,False
16577835,-832680,0,0,0,0,0,0,0,False
16577835,-832620,0,0,0,0,0,0,0,False
16577835,-832560,0,0,0,0,0,0,0,False
16577835,-832500,0,0,0,0,0,0,0,False
16577835,-832440,0,0,0,0,0,0,0,False
16577835,-832380,0,0,0,0,0,0,0,False
16577835,-832320,0,0,0,0,0,0,0,False
16577835,-832260,0,0,0,0,0,0,0,False
16577835,-832200,0,0,0,0,0,0,0,False
16577835,-832140,0,0,0,0,0,0,0,False
16577835,-832080,0,0,0,0,0,0,0,False
16577835,-832020,0,0,0,0,0,0,0,False
16577835,-831960,0,0,0,0,0,0,0,False
16577835,-831900,0,0,0,0,0,0,0,False
16577835,-831840,0,0,0,0,0,0,0,False
16577835,-831780,0,0,0,0,0,0,0,False
16577835,-831720,0,0,0,0,0,0,0,False
16577835,-831660,0,0,0,0,0,0,0,False
16577835,-831600,0,0,0,0,0,0,0,False
16577835,-831540,0,0,0,0,0,0,0,False
16577835,-831480,0,0,0,0,0,0,0,False
16577835,-831420,0,0,0,0,0,0,0,False
16577835,-831360,0,0,0,0,0,0,0,False
16577835,-831300,0,0,0,0,0,0,0,False
16577835,-831240,0,0,0,0,0,0,0,False
16577835,-831180,0,0,0,0,0,0,0,False
16577835,-831120,0,0,0,0,0,0,0,False
16577835,-831060,0,0,0,0,0,0,0,False
16577835,-831000,0,0,0,0,0,0,0,False
16577835,-830940,0,0,0,0,0,0,0,False
16577835,-830880,0,0,0,0,0,0,0,False
16577835,-830820,0,0,0,0,0,0,0,False
16577835,-830760,0,0,0,0,0,0,0,False
16577835,-830700,0,0,0,0,0,0,0,False
16577835,-830640,0,0,0,0,0,0,0,False
16577835,-830580,0,0,0,0,0,0,0,False
16577835,-830520,0,0,0,0,0,0,0,False
16577835,-830460,0,0,0,0,0,0,0,False
16577835,-830400,0,0,0,0,0,0,0,False
16577835,-830340,0,0,0,0,0,0,0,False
16577835,-830280,0,0,0,0,0,0,0,False
16577835,-830220,0,0,0,0,0,0,0,False
16577835,-830160,0,0,0,0,0,0,0,False
16577835,-830100,0,0,0,0,0,0,0,False
16577835,-830040,0,0,0,0,0,0,0,False
16577835,-829980,0,0,0,0,0,0,0,False
16577835,-829920,0,0,0,0,0,0,0,False
16577835,-829860,0,0,0,0,0,0,0,False
16577835,-829800,0,0,0,0,0,0,0,False
16577835,-829740,0,0,0,0,0,0,0,False
16577835,-829680,0,0,0,0,0,0,0,False
16577835,-829620,0,0,0,0,0,0,0,False
16577835,-829560,0,0,0,0,0,0,0,False
16577835,-829500,0,0,0,0,0,0,0,False
16577835,-829440,0,0,0,0,0,0,0,False
16577835,-829380,0,0,0,0,0,0,0,False
16577835,-829320,0,0,0,0,0,0,0,False
16577835,-829260,0,0,0,0,0,0,0,False
16577835,-829200,0,0,0,0,0,0,0,False
16577835,-829140,0,0,0,0,0,0,0,False
16577835,-829080,0,0,0,0,0,0,0,False
16577835,-829020,0,0,0,0,0,0,0,False
16577835,-828960,0,0,0,0,0,0,0,False
16577835,-828900,0,0,0,0,0,0,0,False
16577835,-828840,0,0,0,0,0,0,0,False
16577835,-828780,0,0,0,0,0,0,0,False
16577835,-828720,0,0,0,0,0,0,0,False
16577835,-828660,0,0,0,0,0,0,0,False
16577835,-828600,0,0,0,0,0,0,0,False
16577835,-828540,0,0,0,0,0,0,0,False
16577835,-828480,0,0,0,0,0,0,0,False
16577835,-828420,0,0,0,0,0,0,0,False
16577835,-828360,0,0,0,0,0,0,0,False
16577835,-828300,0,0,0,0,0,0,0,False
16577835,-828240,0,0,0,0,0,0,0,False
16577835,-828180,0,0,0,0,0,0,0,False
16577835,-828120,0,0,0,0,0,0,0,False
16577835,-828060,0,0,0,0,0,0,0,False
16577835,-828000,0,0,0,0,0,0,0,False
16577835,-827940,0,0,0,0,0,0,0,False
16577835,-827880,0,0,0,0,0,0,0,False
16577835,-827820,0,0,0,0,0,0,0,False
16577835,-827760,0,0,0,0,0,0,0,False
16577835,-827700,0,0,0,0,0,0,0,False
16577835,-827640,0,0,0,0,0,0,0,False
16577835,-827580,0,0,0,0,0,0,0,False
16577835,-827520,0,0,0,0,0,0,0,False
16577835,-827460,0,0,0,0,0,0,0,False
16577835,-827400,0,0,0,0,0,0,0,False
16577835,-827340,0,0,0,0,0,0,0,False
16577835,-827280,0,0,0,0,0,0,0,False
16577835,-827220,0,0,0,0,0,0,0,False
16577835,-827160,0,0,0,0,0,0,0,False
16577835,-827100,0,0,0,0,0,0,0,False
16577835,-827040,0,0,0,0,0,0,0,False
16577835,-826980,0,0,0,0,0,0,0,False
16577835,-826920,0,0,0,0,0,0,0,False
16577835,-826860,0,0,0,0,0,0,0,False
16577835,-826800,0,0,0,0,0,0,0,False
16577835,-826740,0,0,0,0,0,0,0,False
16577835,-826680,0,0,0,0,0,0,0,False
16577835,-826620,0,0,0,0,0,0,0,False
16577835,-826560,0,0,0,0,0,0,0,False
16577835,-826500,0,0,0,0,0,0,0,False
16577835,-826440,0,0,0,0,0,0,0,False
16577835,-826380,0,0,0,0,0,0,0,False
16577835,-826320,0,0,0,0,0,0,0,False
16577835,-826260,0,0,0,0,0,0,0,False
16577835,-826200,0,0,0,0,0,0,0,False
16577835,-826140,0,0,0,0,0,0,0,False
16577835,-826080,0,0,0,0,0,0,0,False
16577835,-826020,0,0,0,0,0,0,0,False
16577835,-825960,0,0,0,0,0,0,0,False
16577835,-825900,0,0,0,0,0,0,0,False
16577835,-825840,0,0,0,0,0,0,0,False
16577835,-825780,0,0,0,0,0,0,0,False
16577835,-825720,0,0,0,0,0,0,0,False
16577835,-825660,0,0,0,0,0,0,0,False
16577835,-825600,0,0,0,0,0,0,0,False
16577835,-825540,0,0,0,0,0,0,0,False
16577835,-825480,0,0,0,0,0,0,0,False
16577835,-825420,0,0,0,0,0,0,0,False
16577835,-825360,0,0,0,0,0,0,0,False
16577835,-825300,0,0,0,0,0,0,0,False
16577835,-825240,0,0,0,0,0,0,0,False
16577835,-825180,0,0,0,0,0,0,0,False
16577835,-825120,0,0,0,0,0,0,0,False
16577835,-825060,0,0,0,0,0,0,0,False
16577835,-825000,0,0,0,0,0,0,0,False
16577835,-824940,0,0,0,0,0,0,0,False
16577835,-824880,0,0,0,0,0,0,0,False
16577835,-824820,0,0,0,0,0,0,0,False
16577835,-824760,0,0,0,0,0,0,0,False
16577835,-824700,0,0,0,0,0,0,0,False
16577835,-824640,0,0,0,0,0,0,0,False
16577835,-824580,0,0,0,0,0,0,0,False
16577835,-824520,0,0,0,0,0,0,0,False
16577835,-824460,0,0,0,0,0,0,0,False
16577835,-824400,0,0,0,0,0,0,0,False
16577835,-824340,0,0,0,0,0,0,0,False
16577835,-824280,0,0,0,0,0,0,0,False
16577835,-824220,0,0,0,0,0,0,0,False
16577835,-824160,0,0,0,0,0,0,0,False
16577835,-824100,0,0,0,0,0,0,0,False
16577835,-824040,0,0,0,0,0,0,0,False
16577835,-823980,0,0,0,0,0,0,0,False
16577835,-823920,0,0,0,0,0,0,0,False
16577835,-823860,0,0,0,0,0,0,0,False
16577835,-823800,0,0,0,0,0,0,0,False
16577835,-823740,0,0,0,0,0,0,0,False
16577835,-823680,0,0,0,0,0,0,0,False
16577835,-823620,0,0,0,0,0,0,0,False
16577835,-823560,0,0,0,0,0,0,0,False
16577835,-823500,0,0,0,0,0,0,0,False
16577835,-823440,0,0,0,0,0,0,0,False
16577835,-823380,0,0,0,0,0,0,0,False
16577835,-823320,0,0,0,0,0,0,0,False
16577835,-823260,0,0,0,0,0,0,0,False
16577835,-823200,0,0,0,0,0,0,0,False
16577835,-823140,0,0,0,0,0,0,0,False
16577835,-823080,0,0,0,0,0,0,0,False
16577835,-823020,0,0,0,0,0,0,0,False
16577835,-822960,0,0,0,0,0,0,0,False
16577835,-822900,0,0,0,0,0,0,0,False
16577835,-822840,0,0,0,0,0,0,0,False
16577835,-822780,0,0,0,0,0,0,0,False
16577835,-822720,0,0,0,0,0,0,0,False
16577835,-822660,0,0,0,0,0,0,0,False
16577835,-822600,0,0,0,0,0,0,0,False
16577835,-822540,0,0,0,0,0,0,0,False
16577835,-822480,0,0,0,0,0,0,0,False
16577835,-822420,0,0,0,0,0,0,0,False
16577835,-822360,0,0,0,0,0,0,0,False
16577835,-822300,0,0,0,0,0,0,0,False
16577835,-822240,0,0,0,0,0,0,0,False
16577835,-822180,0,0,0,0,0,0,0,False
16577835,-822120,0,0,0,0,0,0,0,False
16577835,-822060,0,0,0,0,0,0,0,False
16577835,-822000,0,0,0,0,0,0,0,False
16577835,-821940,0,0,0,0,0,0,0,False
16577835,-821880,0,0,0,0,0,0,0,False
16577835,-821820,0,0,0,0,0,0,0,False
16577835,-821760,0,0,0,0,0,0,0,False
16577835,-821700,0,0,0,0,0,0,0,False
16577835,-821640,0,0,0,0,0,0,0,False
16577835,-821580,0,0,0,0,0,0,0,False
16577835,-821520,0,0,0,0,0,0,0,False
16577835,-821460,0,0,0,0,0,0,0,False
16577835,-821400,0,0,0,0,0,0,0,False
16577835,-821340,0,0,0,0,0,0,0,False
16577835,-821280,0,0,0,0,0,0,0,False
16577835,-821220,0,0,0,0,0,0,0,False
16577835,-821160,0,0,0,0,0,0,0,False
16577835,-821100,0,0,0,0,0,0,0,False
16577835,-821040,0,0,0,0,0,0,0,False
16577835,-820980,0,0,0,0,0,0,0,False
16577835,-820920,0,0,0,0,0,0,0,False
16577835,-820860,0,0,0,0,0,0,0,False
16577835,-820800,0,0,0,0,0,0,0,False
16577835,-820740,0,0,0,0,0,0,0,False
16577835,-820680,0,0,0,0,0,0,0,False
16577835,-820620,0,0,0,0,0,0,0,False
16577835,-820560,0,0,0,0,0,0,0,False
16577835,-820500,0,0,0,0,0,0,0,False
16577835,-820440,0,0,0,0,0,0,0,False
16577835,-820380,0,0,0,0,0,0,0,False
16577835,-820320,0,0,0,0,0,0,0,False
16577835,-820260,0,0,0,0,0,0,0,False
16577835,-820200,0,0,0,0,0,0,0,False
16577835,-820140,0,0,0,0,0,0,0,False
16577835,-820080,0,0,0,0,0,0,0,False
16577835,-820020,0,0,0,0,0,0,0,False
16577835,-819960,0,0,0,0,0,0,0,False
16577835,-819900,0,0,0,0,0,0,0,False
16577835,-819840,0,0,0,0,0,0,0,False
16577835,-819780,0,0,0,0,0,0,0,False
16577835,-819720,0,0,0,0,0,0,0,False
16577835,-819660,0,0,0,0,0,0,0,False
16577835,-819600,0,0,0,0,0,0,0,False
16577835,-819540,0,0,0,0,0,0,0,False
16577835,-819480,0,0,0,0,0,0,0,False
16577835,-819420,0,0,0,0,0,0,0,False
16577835,-819360,0,0,0,0,0,0,0,False
16577835,-819300,0,0,0,0,0,0,0,False
16577835,-819240,0,0,0,0,0,0,0,False
16577835,-819180,0,0,0,0,0,0,0,False
16577835,-819120,0,0,0,0,0,0,0,False
16577835,-819060,0,0,0,0,0,0,0,False
16577835,-819000,0,0,0,0,0,0,0,False
16577835,-818940,0,0,0,0,0,0,0,False
16577835,-818880,0,0,0,0,0,0,0,False
16577835,-818820,0,0,0,0,0,0,0,False
16577835,-818760,0,0,0,0,0,0,0,False
16577835,-818700,0,0,0,0,0,0,0,False
16577835,-818640,0,0,0,0,0,0,0,False
16577835,-818580,0,0,0,0,0,0,0,False
16577835,-818520,0,0,0,0,0,0,0,False
16577835,-818460,0,0,0,0,0,0,0,False
16577835,-818400,0,0,0,0,0,0,0,False
16577835,-818340,0,0,0,0,0,0,0,False
16577835,-818280,0,0,0,0,0,0,0,False
16577835,-818220,0,0,0,0,0,0,0,False
16577835,-818160,0,0,0,0,0,0,0,False
16577835,-818100,0,0,0,0,0,0,0,False
16577835,-818040,0,0,0,0,0,0,0,False
16577835,-817980,0,0,0,0,0,0,0,False
16577835,-817920,0,0,0,0,0,0,0,False
16577835,-817860,0,0,0,0,0,0,0,False
16577835,-817800,0,0,0,0,0,0,0,False
16577835,-817740,0,0,0,0,0,0,0,False
16577835,-817680,0,0,0,0,0,0,0,False
16577835,-817620,0,0,0,0,0,0,0,False
16577835,-817560,0,0,0,0,0,0,0,False
16577835,-817500,0,0,0,0,0,0,0,False
16577835,-817440,0,0,0,0,0,0,0,False
16577835,-817380,0,0,0,0,0,0,0,False
16577835,-817320,0,0,0,0,0,0,0,False
16577835,-817260,0,0,0,0,0,0,0,False
16577835,-817200,0,0,0,0,0,0,0,False
16577835,-817140,0,0,0,0,0,0,0,False
16577835,-817080,0,0,0,0,0,0,0,False
16577835,-817020,0,0,0,0,0,0,0,False
16577835,-816960,0,0,0,0,0,0,0,False
16577835,-816900,0,0,0,0,0,0,0,False
16577835,-816840,0,0,0,0,0,0,0,False
16577835,-816780,0,0,0,0,0,0,0,False
16577835,-816720,0,0,0,0,0,0,0,False
16577835,-816660,0,0,0,0,0,0,0,False
16577835,-816600,0,0,0,0,0,0,0,False
16577835,-816540,0,0,0,0,0,0,0,False
16577835,-816480,0,0,0,0,0,0,0,False
16577835,-816420,0,0,0,0,0,0,0,False
16577835,-816360,0,0,0,0,0,0,0,False
16577835,-816300,0,0,0,0,0,0,0,False
16577835,-816240,0,0,0,0,0,0,0,False
16577835,-816180,0,0,0,0,0,0,0,False
16577835,-816120,0,0,0,0,0,0,0,False
16577835,-816060,0,0,0,0,0,0,0,False
16577835,-816000,0,0,0,0,0,0,0,False
16577835,-815940,0,0,0,0,0,0,0,False
16577835,-815880,0,0,0,0,0,0,0,False
16577835,-815820,0,0,0,0,0,0,0,False
16577835,-815760,0,0,0,0,0,0,0,False
16577835,-815700,0,0,0,0,0,0,0,False
16577835,-815640,0,0,0,0,0,0,0,False
16577835,-815580,0,0,0,0,0,0,0,False
16577835,-815520,0,0,0,0,0,0,0,False
16577835,-815460,0,0,0,0,0,0,0,False
16577835,-815400,0,0,0,0,0,0,0,False
16577835,-815340,0,0,0,0,0,0,0,False
16577835,-815280,0,0,0,0,0,0,0,False
16577835,-815220,0,0,0,0,0,0,0,False
16577835,-815160,0,0,0,0,0,0,0,False
16577835,-815100,0,0,0,0,0,0,0,False
16577835,-815040,0,0,0,0,0,0,0,False
16577835,-814980,0,0,0,0,0,0,0,False
16577835,-814920,0,0,0,0,0,0,0,False
16577835,-814860,0,0,0,0,0,0,0,False
16577835,-814800,0,0,0,0,0,0,0,False
16577835,-814740,0,0,0,0,0,0,0,False
16577835,-814680,0,0,0,0,0,0,0,False
16577835,-814620,0,0,0,0,0,0,0,False
16577835,-814560,0,0,0,0,0,0,0,False
16577835,-814500,0,0,0,0,0,0,0,False
16577835,-814440,0,0,0,0,0,0,0,False
16577835,-814380,0,0,0,0,0,0,0,False
16577835,-814320,0,0,0,0,0,0,0,False
16577835,-814260,0,0,0,0,0,0,0,False
16577835,-814200,0,0,0,0,0,0,0,False
16577835,-814140,0,0,0,0,0,0,0,False
16577835,-814080,0,0,0,0,0,0,0,False
16577835,-814020,0,0,0,0,0,0,0,False
16577835,-813960,0,0,0,0,0,0,0,False
16577835,-813900,0,0,0,0,0,0,0,False
16577835,-813840,0,0,0,0,0,0,0,False
16577835,-813780,0,0,0,0,0,0,0,False
16577835,-813720,0,0,0,0,0,0,0,False
16577835,-813660,0,0,0,0,0,0,0,False
16577835,-813600,0,0,0,0,0,0,0,False
16577835,-813540,0,0,0,0,0,0,0,False
16577835,-813480,0,0,0,0,0,0,0,False
16577835,-813420,0,0,0,0,0,0,0,False
16577835,-813360,0,0,0,0,0,0,0,False
16577835,-813300,0,0,0,0,0,0,0,False
16577835,-813240,0,0,0,0,0,0,0,False
16577835,-813180,0,0,0,0,0,0,0,False
16577835,-813120,0,0,0,0,0,0,0,False
16577835,-813060,0,0,0,0,0,0,0,False
16577835,-813000,0,0,0,0,0,0,0,False
16577835,-812940,0,0,0,0,0,0,0,False
16577835,-812880,0,0,0,0,0,0,0,False
16577835,-812820,0,0,0,0,0,0,0,False
16577835,-812760,0,0,0,0,0,0,0,False
16577835,-812700,0,0,0,0,0,0,0,False
16577835,-812640,0,0,0,0,0,0,0,False
16577835,-812580,0,0,0,0,0,0,0,False
16577835,-812520,0,0,0,0,0,0,0,False
16577835,-812460,0,0,0,0,0,0,0,False
16577835,-812400,0,0,0,0,0,0,0,False
16577835,-812340,0,0,0,0,0,0,0,False
16577835,-812280,0,0,0,0,0,0,0,False
16577835,-812220,0,0,0,0,0,0,0,False
16577835,-812160,0,0,0,0,0,0,0,False
16577835,-812100,0,0,0,0,0,0,0,False
16577835,-812040,0,0,0,0,0,0,0,False
16577835,-811980,0,0,0,0,0,0,0,False
16577835,-811920,0,0,0,0,0,0,0,False
16577835,-811860,0,0,0,0,0,0,0,False
16577835,-811800,0,0,0,0,0,0,0,False
16577835,-811740,0,0,0,0,0,0,0,False
16577835,-811680,0,0,0,0,0,0,0,False
16577835,-811620,0,0,0,0,0,0,0,False
16577835,-811560,0,0,0,0,0,0,0,False
16577835,-811500,0,0,0,0,0,0,0,False
16577835,-811440,0,0,0,0,0,0,0,False
16577835,-811380,0,0,0,0,0,0,0,False
16577835,-811320,0,0,0,0,0,0,0,False
16577835,-811260,0,0,0,0,0,0,0,False
16577835,-811200,0,0,0,0,0,0,0,False
16577835,-811140,0,0,0,0,0,0,0,False
16577835,-811080,0,0,0,0,0,0,0,False
16577835,-811020,0,0,0,0,0,0,0,False
16577835,-810960,0,0,0,0,0,0,0,False
16577835,-810900,0,0,0,0,0,0,0,False
16577835,-810840,0,0,0,0,0,0,0,False
16577835,-810780,0,0,0,0,0,0,0,False
16577835,-810720,0,0,0,0,0,0,0,False
16577835,-810660,0,0,0,0,0,0,0,False
16577835,-810600,0,0,0,0,0,0,0,False
16577835,-810540,0,0,0,0,0,0,0,False
16577835,-810480,0,0,0,0,0,0,0,False
16577835,-810420,0,0,0,0,0,0,0,False
16577835,-810360,0,0,0,0,0,0,0,False
16577835,-810300,0,0,0,0,0,0,0,False
16577835,-810240,0,0,0,0,0,0,0,False
16577835,-810180,0,0,0,0,0,0,0,False
16577835,-810120,0,0,0,0,0,0,0,False
16577835,-810060,0,0,0,0,0,0,0,False
16577835,-810000,0,0,0,0,0,0,0,False
16577835,-809940,0,0,0,0,0,0,0,False
16577835,-809880,0,0,0,0,0,0,0,False
16577835,-809820,0,0,0,0,0,0,0,False
16577835,-809760,0,0,0,0,0,0,0,False
16577835,-809700,0,0,0,0,0,0,0,False
16577835,-809640,0,0,0,0,0,0,0,False
16577835,-809580,0,0,0,0,0,0,0,False
16577835,-809520,0,0,0,0,0,0,0,False
16577835,-809460,0,0,0,0,0,0,0,False
16577835,-809400,0,0,0,0,0,0,0,False
16577835,-809340,0,0,0,0,0,0,0,False
16577835,-809280,0,0,0,0,0,0,0,False
16577835,-809220,0,0,0,0,0,0,0,False
16577835,-809160,0,0,0,0,0,0,0,False
16577835,-809100,0,0,0,0,0,0,0,False
16577835,-809040,0,0,0,0,0,0,0,False
16577835,-808980,0,0,0,0,0,0,0,False
16577835,-808920,0,0,0,0,0,0,0,False
16577835,-808860,0,0,0,0,0,0,0,False
16577835,-808800,0,0,0,0,0,0,0,False
16577835,-808740,0,0,0,0,0,0,0,False
16577835,-808680,0,0,0,0,0,0,0,False
16577835,-808620,0,0,0,0,0,0,0,False
16577835,-808560,0,0,0,0,0,0,0,False
16577835,-808500,0,0,0,0,0,0,0,False
16577835,-808440,0,0,0,0,0,0,0,False
16577835,-808380,0,0,0,0,0,0,0,False
16577835,-808320,0,0,0,0,0,0,0,False
16577835,-808260,0,0,0,0,0,0,0,False
16577835,-808200,0,0,0,0,0,0,0,False
16577835,-808140,0,0,0,0,0,0,0,False
16577835,-808080,0,0,0,0,0,0,0,False
16577835,-808020,0,0,0,0,0,0,0,False
16577835,-807960,0,0,0,0,0,0,0,False
16577835,-807900,0,0,0,0,0,0,0,False
16577835,-807840,0,0,0,0,0,0,0,False
16577835,-807780,0,0,0,0,0,0,0,False
16577835,-807720,0,0,0,0,0,0,0,False
16577835,-807660,0,0,0,0,0,0,0,False
16577835,-807600,0,0,0,0,0,0,0,False
16577835,-807540,0,0,0,0,0,0,0,False
16577835,-807480,0,0,0,0,0,0,0,False
16577835,-807420,0,0,0,0,0,0,0,False
16577835,-807360,0,0,0,0,0,0,0,False
16577835,-807300,0,0,0,0,0,0,0,False
16577835,-807240,0,0,0,0,0,0,0,False
16577835,-807180,0,0,0,0,0,0,0,False
16577835,-807120,0,0,0,0,0,0,0,False
16577835,-807060,0,0,0,0,0,0,0,False
16577835,-807000,0,0,0,0,0,0,0,False
16577835,-806940,0,0,0,0,0,0,0,False
16577835,-806880,0,0,0,0,0,0,0,False
16577835,-806820,0,0,0,0,0,0,0,False
16577835,-806760,0,0,0,0,0,0,0,False
16577835,-806700,0,0,0,0,0,0,0,False
16577835,-806640,0,0,0,0,0,0,0,False
16577835,-806580,0,0,0,0,0,0,0,False
16577835,-806520,0,0,0,0,0,0,0,False
16577835,-806460,0,0,0,0,0,0,0,False
16577835,-806400,0,0,0,0,0,0,0,False
16577835,-806340,0,0,0,0,0,0,0,False
16577835,-806280,0,0,0,0,0,0,0,False
16577835,-806220,0,0,0,0,0,0,0,False
16577835,-806160,0,0,0,0,0,0,0,False
16577835,-806100,0,0,0,0,0,0,0,False
16577835,-806040,0,0,0,0,0,0,0,False
16577835,-805980,0,0,0,0,0,0,0,False
16577835,-805920,0,0,0,0,0,0,0,False
16577835,-805860,0,0,0,0,0,0,0,False
16577835,-805800,0,0,0,0,0,0,0,False
16577835,-805740,0,0,0,0,0,0,0,False
16577835,-805680,0,0,0,0,0,0,0,False
16577835,-805620,0,0,0,0,0,0,0,False
16577835,-805560,0,0,0,0,0,0,0,False
16577835,-805500,0,0,0,0,0,0,0,False
16577835,-805440,0,0,0,0,0,0,0,False
16577835,-805380,0,0,0,0,0,0,0,False
16577835,-805320,0,0,0,0,0,0,0,False
16577835,-805260,0,0,0,0,0,0,0,False
16577835,-805200,0,0,0,0,0,0,0,False
16577835,-805140,0,0,0,0,0,0,0,False
16577835,-805080,0,0,0,0,0,0,0,False
16577835,-805020,0,0,0,0,0,0,0,False
16577835,-804960,0,0,0,0,0,0,0,False
16577835,-804900,0,0,0,0,0,0,0,False
16577835,-804840,0,0,0,0,0,0,0,False
16577835,-804780,0,0,0,0,0,0,0,False
16577835,-804720,0,0,0,0,0,0,0,False
16577835,-804660,0,0,0,0,0,0,0,False
16577835,-804600,0,0,0,0,0,0,0,False
16577835,-804540,0,0,0,0,0,0,0,False
16577835,-804480,0,0,0,0,0,0,0,False
16577835,-804420,0,0,0,0,0,0,0,False
16577835,-804360,0,0,0,0,0,0,0,False
16577835,-804300,0,0,0,0,0,0,0,False
16577835,-804240,0,0,0,0,0,0,0,False
16577835,-804180,0,0,0,0,0,0,0,False
16577835,-804120,0,0,0,0,0,0,0,False
16577835,-804060,0,0,0,0,0,0,0,False
16577835,-804000,0,0,0,0,0,0,0,False
16577835,-803940,0,0,0,0,0,0,0,False
16577835,-803880,0,0,0,0,0,0,0,False
16577835,-803820,0,0,0,0,0,0,0,False
16577835,-803760,0,0,0,0,0,0,0,False
16577835,-803700,0,0,0,0,0,0,0,False
16577835,-803640,0,0,0,0,0,0,0,False
16577835,-803580,0,0,0,0,0,0,0,False
16577835,-803520,0,0,0,0,0,0,0,False
16577835,-803460,0,0,0,0,0,0,0,False
16577835,-803400,0,0,0,0,0,0,0,False
16577835,-803340,0,0,0,0,0,0,0,False
16577835,-803280,0,0,0,0,0,0,0,False
16577835,-803220,0,0,0,0,0,0,0,False
16577835,-803160,0,0,0,0,0,0,0,False
16577835,-803100,0,0,0,0,0,0,0,False
16577835,-803040,0,0,0,0,0,0,0,False
16577835,-802980,0,0,0,0,0,0,0,False
16577835,-802920,0,0,0,0,0,0,0,False
16577835,-802860,0,0,0,0,0,0,0,False
16577835,-802800,0,0,0,0,0,0,0,False
16577835,-802740,0,0,0,0,0,0,0,False
16577835,-802680,0,0,0,0,0,0,0,False
16577835,-802620,0,0,0,0,0,0,0,False
16577835,-802560,0,0,0,0,0,0,0,False
16577835,-802500,0,0,0,0,0,0,0,False
16577835,-802440,0,0,0,0,0,0,0,False
16577835,-802380,0,0,0,0,0,0,0,False
16577835,-802320,0,0,0,0,0,0,0,False
16577835,-802260,0,0,0,0,0,0,0,False
16577835,-802200,0,0,0,0,0,0,0,False
16577835,-802140,0,0,0,0,0,0,0,False
